{"valueType":"nodes","values":[{"_typeName":"Item","id":"cjr6kn6ygkuti0a71pr5gmptl","updatedAt":"2019-01-21T16:55:12.376Z","largeImage":"https://res.cloudinary.com/abprecious/image/upload/c_scale,q_auto,w_1000/v1548089692/sickfits/fzag5v3amzmxrdl7n1sz.jpg","image":"https://res.cloudinary.com/abprecious/image/upload/v1548089692/sickfits/fzag5v3amzmxrdl7n1sz.jpg","description":"That's a cool looking jacket","price":8000,"createdAt":"2019-01-21T16:55:12.376Z","title":"Point Zero Jacket"},{"_typeName":"Item","id":"cjr6r5d9nlje00a710mmoamq0","updatedAt":"2019-01-21T19:57:18.059Z","largeImage":"https://res.cloudinary.com/abprecious/image/upload/c_scale,q_auto,w_1000/v1548100621/sickfits/epmutfo48egrb84lxwgx.jpg","image":"https://res.cloudinary.com/abprecious/image/upload/v1548100621/sickfits/epmutfo48egrb84lxwgx.jpg","description":"Fun mug","price":1000,"createdAt":"2019-01-21T19:57:18.059Z","title":"Overwatch Mug"},{"_typeName":"Item","id":"cjr6r5wq7ljfz0a71ooc76qpo","updatedAt":"2019-01-21T19:57:43.279Z","largeImage":"https://res.cloudinary.com/abprecious/image/upload/c_scale,q_auto,w_1000/v1548100662/sickfits/hwiuw48qopalyv3gumbe.jpg","image":"https://res.cloudinary.com/abprecious/image/upload/v1548100662/sickfits/hwiuw48qopalyv3gumbe.jpg","description":"Sick Fits","price":50000,"createdAt":"2019-01-21T19:57:43.279Z","title":"Mah Shoes"},{"_typeName":"Item","id":"cjr6r83mfljoe0a717php5zdv","updatedAt":"2019-01-21T19:59:25.527Z","largeImage":"https://res.cloudinary.com/abprecious/image/upload/c_scale,q_auto,w_1000/v1548100744/sickfits/gb5o6ojnepxtnii7gxpv.jpg","image":"https://res.cloudinary.com/abprecious/image/upload/v1548100744/sickfits/gb5o6ojnepxtnii7gxpv.jpg","description":"Future laptop","price":300000,"createdAt":"2019-01-21T19:59:25.527Z","title":"Macbook Pro"},{"_typeName":"Item","id":"cjr6rals1vuyy09174vn5svtt","updatedAt":"2019-01-21T20:01:22.369Z","largeImage":"https://res.cloudinary.com/abprecious/image/upload/c_scale,q_auto,w_1000/v1548100881/sickfits/hds6zh23pi64m82rnjxz.jpg","image":"https://res.cloudinary.com/abprecious/image/upload/v1548100881/sickfits/hds6zh23pi64m82rnjxz.jpg","description":"Cool phone","price":99900,"createdAt":"2019-01-21T20:01:22.369Z","title":"Pixel 3 - Black"},{"_typeName":"Item","id":"cjr6rcngqlk8p0a712kgdqoj2","updatedAt":"2019-01-21T20:17:21.330Z","largeImage":"https://res.cloudinary.com/abprecious/image/upload/c_scale,q_auto,w_1000/v1548100951/sickfits/xkfvmbxhyojkxkjjtoep.jpg","image":"https://res.cloudinary.com/abprecious/image/upload/v1548100951/sickfits/xkfvmbxhyojkxkjjtoep.jpg","description":"Classic JRPG, must buy","price":7999,"createdAt":"2019-01-21T20:02:57.866Z","title":"Octopath Traveler"},{"_typeName":"Item","id":"cjr6rjlu3vv8m0917vo1rlsba","updatedAt":"2019-01-21T20:08:22.347Z","largeImage":"https://res.cloudinary.com/abprecious/image/upload/c_scale,q_auto,w_1000/v1548101257/sickfits/ashyx9nvnrpwhgq4vpbs.jpg","image":"https://res.cloudinary.com/abprecious/image/upload/v1548101257/sickfits/ashyx9nvnrpwhgq4vpbs.jpg","description":"What a game...","price":2000,"createdAt":"2019-01-21T20:08:22.347Z","title":"Unstable Unicorns"},{"_typeName":"Item","id":"cjr6rmw4fvvbx0917blpqf9ux","updatedAt":"2019-01-21T20:10:55.647Z","largeImage":"https://res.cloudinary.com/abprecious/image/upload/c_scale,q_auto,w_1000/v1548101437/sickfits/gej2ympdmz6rcnf66knv.jpg","image":"https://res.cloudinary.com/abprecious/image/upload/v1548101437/sickfits/gej2ympdmz6rcnf66knv.jpg","description":"Great co-op board game","price":6000,"createdAt":"2019-01-21T20:10:55.647Z","title":"Pandemic"},{"_typeName":"Item","id":"cjr6rtqm5vvie0917gaqqdg2v","updatedAt":"2019-01-21T20:16:15.101Z","largeImage":"https://res.cloudinary.com/abprecious/image/upload/c_scale,q_auto,w_1000/v1548101747/sickfits/o5d8hk0yovtiifpdp1hg.jpg","image":"https://res.cloudinary.com/abprecious/image/upload/v1548101747/sickfits/o5d8hk0yovtiifpdp1hg.jpg","description":"My office chair","price":29900,"createdAt":"2019-01-21T20:16:15.101Z","title":"DX Racer"}]}